,Acronym,wiki,article
0,"ATLAS ACS-2, TIMI 51","https://www.wikijournalclub.org//wiki/ATLAS_ACS-2,_TIMI_51",http://www.nejm.org/doi/full/10.1056/NEJMoa1112277
1,CAST I,https://www.wikijournalclub.org//wiki/CAST_I,http://www.nejm.org/doi/full/10.1056/NEJM199103213241201
2,CHAMPION PHOENIX,https://www.wikijournalclub.org//wiki/CHAMPION_PHOENIX,http://www.nejm.org/doi/full/10.1056/NEJMoa1300815
3,CHARISMA,https://www.wikijournalclub.org//wiki/CHARISMA,http://www.nejm.org/doi/full/10.1056/NEJMoa060989
4,COLCOT,https://www.wikijournalclub.org//wiki/COLCOT,https://www.nejm.org/doi/full/10.1056/NEJMoa1912388
5,CURE,https://www.wikijournalclub.org//wiki/CURE,http://www.nejm.org/doi/full/10.1056/NEJMoa010746
6,EPHESUS,https://www.wikijournalclub.org//wiki/EPHESUS,http://www.nejm.org/doi/full/10.1056/NEJMoa030207
7,ESSENCE,https://www.wikijournalclub.org//wiki/ESSENCE,http://www.nejm.org/doi/full/10.1056/NEJM199708143370702
8,GUSTO,https://www.wikijournalclub.org//wiki/GUSTO,http://www.nejm.org/doi/full/10.1056/NEJM199309023291001
9,IABP-SHOCK II,https://www.wikijournalclub.org//wiki/IABP-SHOCK_II,http://www.nejm.org/doi/full/10.1056/NEJMoa1208410
10,IMPROVE-IT,https://www.wikijournalclub.org//wiki/IMPROVE-IT,http://www.nejm.org/doi/full/10.1056/NEJMoa1410489
11,MADIT-II,https://www.wikijournalclub.org//wiki/MADIT-II,http://www.nejm.org/doi/full/10.1056/NEJMoa013474
12,OASIS-5,https://www.wikijournalclub.org//wiki/OASIS-5,http://www.nejm.org/doi/full/10.1056/NEJMoa055443
13,OAT,https://www.wikijournalclub.org//wiki/OAT,http://www.nejm.org/doi/full/10.1056/NEJMoa066139
14,PEGASUS-TIMI 54,https://www.wikijournalclub.org//wiki/PEGASUS-TIMI_54,http://www.nejm.org/doi/full/10.1056/NEJMoa1500857
15,PIONEER AF-PCI,https://www.wikijournalclub.org//wiki/PIONEER_AF-PCI,http://www.nejm.org/doi/full/10.1056/NEJMoa1611594
16,PLATO,https://www.wikijournalclub.org//wiki/PLATO,http://www.nejm.org/doi/full/10.1056/NEJMoa0904327
17,PROVE IT-TIMI 22,https://www.wikijournalclub.org//wiki/PROVE_IT-TIMI_22,http://www.nejm.org/doi/full/10.1056/NEJMoa040583
18,SAVE,https://www.wikijournalclub.org//wiki/SAVE,http://www.nejm.org/doi/full/10.1056/NEJM199209033271001
19,SHOCK,https://www.wikijournalclub.org//wiki/SHOCK,http://www.nejm.org/doi/full/10.1056/NEJM199908263410901
20,TIMACS,https://www.wikijournalclub.org//wiki/TIMACS,http://www.nejm.org/doi/full/10.1056/NEJMoa0807986
21,TRITON-TIMI 38,https://www.wikijournalclub.org//wiki/TRITON-TIMI_38,http://www.nejm.org/doi/full/10.1056/NEJMoa0706482
22,VA Cooperative Study,https://www.wikijournalclub.org//wiki/VA_Cooperative_Study,http://www.nejm.org/doi/full/10.1056/NEJM198308183090703
23,VALIANT,https://www.wikijournalclub.org//wiki/VALIANT,http://www.nejm.org/doi/full/10.1056/NEJMoa032292
24,RED-HF,https://www.wikijournalclub.org//wiki/RED-HF,http://www.nejm.org/doi/full/10.1056/NEJMoa1214865
25,PARTNER 2,https://www.wikijournalclub.org//wiki/PARTNER_2,http://www.nejm.org/doi/full/10.1056/NEJMoa1514616
26,PARTNER 3,https://www.wikijournalclub.org//wiki/PARTNER_3,https://www.nejm.org/doi/full/10.1056/NEJMoa1814052
27,PARTNER A,https://www.wikijournalclub.org//wiki/PARTNER_A,http://www.nejm.org/doi/full/10.1056/NEJMoa1103510
28,PARTNER B,https://www.wikijournalclub.org//wiki/PARTNER_B,http://www.nejm.org/doi/full/10.1056/NEJMoa1008232
29,SURTAVI,https://www.wikijournalclub.org//wiki/SURTAVI,http://www.nejm.org/doi/full/10.1056/NEJMoa1700456
30,ASPREE,https://www.wikijournalclub.org//wiki/ASPREE,https://www.nejm.org/doi/full/10.1056/NEJMoa1800722
31,ACTIVE A,https://www.wikijournalclub.org//wiki/ACTIVE_A,http://www.nejm.org/doi/full/10.1056/NEJMoa0901301
32,AFFIRM,https://www.wikijournalclub.org//wiki/AFFIRM,http://www.nejm.org/doi/full/10.1056/NEJMoa021328
33,ARISTOTLE,https://www.wikijournalclub.org//wiki/ARISTOTLE,http://www.nejm.org/doi/full/10.1056/NEJMoa1107039
34,AUGUSTUS,https://www.wikijournalclub.org//wiki/AUGUSTUS,https://www.nejm.org/doi/full/10.1056/NEJMoa1817083
35,AVERROES,https://www.wikijournalclub.org//wiki/AVERROES,http://www.nejm.org/doi/full/10.1056/NEJMoa1007432
36,BRIDGE,https://www.wikijournalclub.org//wiki/BRIDGE,http://www.nejm.org/doi/full/10.1056/NEJMoa1501035
37,CASTLE-AF,https://www.wikijournalclub.org//wiki/CASTLE-AF,http://www.nejm.org/doi/full/10.1056/NEJMoa1707855
38,EARLY-AF,https://www.wikijournalclub.org//wiki/EARLY-AF,https://www.nejm.org/doi/full/10.1056/NEJMoa2029980
39,EAST-AFNET 4,https://www.wikijournalclub.org//wiki/EAST-AFNET_4,https://www.nejm.org/doi/pdf/10.1056/NEJMoa2019422
40,EMBRACE,https://www.wikijournalclub.org//wiki/EMBRACE,https://www.nejm.org/doi/10.1056/NEJMoa1311376
41,ENGAGE AF-TIMI 48,https://www.wikijournalclub.org//wiki/ENGAGE_AF-TIMI_48,http://www.nejm.org/doi/full/10.1056/NEJMoa1310907
42,FIRE AND ICE,https://www.wikijournalclub.org//wiki/FIRE_AND_ICE,http://www.nejm.org/doi/full/10.1056/NEJMoa1602014
43,RACE II,https://www.wikijournalclub.org//wiki/RACE_II,http://www.nejm.org/doi/full/10.1056/NEJMoa1001337
44,RE-LY,https://www.wikijournalclub.org//wiki/RE-LY,http://www.nejm.org/doi/full/10.1056/NEJMoa0905561
45,ROCKET AF,https://www.wikijournalclub.org//wiki/ROCKET_AF,http://www.nejm.org/doi/full/10.1056/NEJMoa1009638
46,BLOCK-HF,https://www.wikijournalclub.org//wiki/BLOCK-HF,http://www.nejm.org/doi/full/10.1056/NEJMoa1210356
47,MOST,https://www.wikijournalclub.org//wiki/MOST,http://www.nejm.org/doi/full/10.1056/NEJMoa013040
48,VITAL (Vitamin D arm),https://www.wikijournalclub.org//wiki/VITAL_(Vitamin_D_arm),https://www.nejm.org/doi/full/10.1056/nejmoa1809944
49,HACA,https://www.wikijournalclub.org//wiki/HACA,http://www.nejm.org/doi/full/10.1056/nejmoa012689
50,TTM,https://www.wikijournalclub.org//wiki/TTM,http://www.nejm.org/doi/full/10.1056/NEJMoa1310519
51,TTM2,https://www.wikijournalclub.org//wiki/TTM2,https://www.nejm.org/doi/full/10.1056/NEJMoa2100591
52,CARP,https://www.wikijournalclub.org//wiki/CARP,http://www.nejm.org/doi/full/10.1056/NEJMoa041905
53,POISE-2 ASA,https://www.wikijournalclub.org//wiki/POISE-2_ASA,http://www.nejm.org/doi/full/10.1056/NEJMoa1401105
54,AURORA,https://www.wikijournalclub.org//wiki/AURORA,http://www.nejm.org/doi/full/10.1056/NEJMoa0810177
55,CORAL,https://www.wikijournalclub.org//wiki/CORAL,http://www.nejm.org/doi/full/10.1056/NEJMoa1310753
56,HOPE-3,https://www.wikijournalclub.org//wiki/HOPE-3,http://www.nejm.org/doi/full/10.1056/NEJMoa1600177
57,LEADER,https://www.wikijournalclub.org//wiki/LEADER,http://www.nejm.org/doi/full/10.1056/NEJMoa1603827
58,Look AHEAD,https://www.wikijournalclub.org//wiki/Look_AHEAD,http://www.nejm.org/doi/full/10.1056/NEJMoa1212914
59,ONTARGET,https://www.wikijournalclub.org//wiki/ONTARGET,http://www.nejm.org/doi/full/10.1056/NEJMoa0801317
60,ORIGIN n-3 Fatty Acids,https://www.wikijournalclub.org//wiki/ORIGIN_n-3_Fatty_Acids,http://www.nejm.org/doi/full/10.1056/NEJMoa1203859
61,ACT I,https://www.wikijournalclub.org//wiki/ACT_I,http://www.nejm.org/doi/full/10.1056/NEJMoa1515706
62,CREST,https://www.wikijournalclub.org//wiki/CREST,http://www.nejm.org/doi/full/10.1056/NEJMoa0912321
63,DAPA-CKD,https://www.wikijournalclub.org//wiki/DAPA-CKD,https://www.nejm.org/doi/10.1056/NEJMoa2024816
64,ACCORD Lipid,https://www.wikijournalclub.org//wiki/ACCORD_Lipid,http://www.nejm.org/doi/full/10.1056/NEJMoa1001282
65,AIDA,https://www.wikijournalclub.org//wiki/AIDA,http://www.nejm.org/doi/full/10.1056/NEJMoa1614954
66,ART,https://www.wikijournalclub.org//wiki/ART,https://www.nejm.org/doi/full/10.1056/NEJMoa1610021
67,BARI 2D,https://www.wikijournalclub.org//wiki/BARI_2D,http://www.nejm.org/doi/full/10.1056/NEJMoa0805796
68,BEST,https://www.wikijournalclub.org//wiki/BEST,http://www.nejm.org/doi/full/10.1056/NEJMoa1415447
69,CANTOS,https://www.wikijournalclub.org//wiki/CANTOS,http://www.nejm.org/doi/full/10.1056/NEJMoa1707914
70,COGENT,https://www.wikijournalclub.org//wiki/COGENT,http://www.nejm.org/doi/full/10.1056/NEJMoa1007964
71,Compare-Acute,https://www.wikijournalclub.org//wiki/Compare-Acute,http://www.nejm.org/doi/full/10.1056/NEJMc1706275
72,COMPASS,https://www.wikijournalclub.org//wiki/COMPASS,http://www.nejm.org/doi/full/10.1056/NEJMoa1709118
73,COURAGE,https://www.wikijournalclub.org//wiki/COURAGE,http://www.nejm.org/doi/full/10.1056/NEJMoa070829
74,CULPRIT-SHOCK,https://www.wikijournalclub.org//wiki/CULPRIT-SHOCK,http://www.nejm.org/doi/full/10.1056/NEJMoa1710261#t=article
75,DAPT,https://www.wikijournalclub.org//wiki/DAPT,http://www.nejm.org/doi/full/10.1056/NEJMoa1409312
76,EXCEL,https://www.wikijournalclub.org//wiki/EXCEL,http://www.nejm.org/doi/full/10.1056/NEJMoa1610227
77,FAME,https://www.wikijournalclub.org//wiki/FAME,http://www.nejm.org/doi/full/10.1056/NEJMoa0807611
78,FAME 2,https://www.wikijournalclub.org//wiki/FAME_2,http://www.nejm.org/doi/full/10.1056/NEJMoa1205361
79,FOURIER,https://www.wikijournalclub.org//wiki/FOURIER,http://www.nejm.org/doi/full/10.1056/NEJMoa1615664
80,FREEDOM,https://www.wikijournalclub.org//wiki/FREEDOM,http://www.nejm.org/doi/full/10.1056/NEJMoa1211585
81,HOPE,https://www.wikijournalclub.org//wiki/HOPE,http://www.nejm.org/doi/full/10.1056/NEJM200001203420301
82,HPS2-THRIVE,https://www.wikijournalclub.org//wiki/HPS2-THRIVE,http://www.nejm.org/doi/full/10.1056/NEJMoa1300955
83,IFR-SWEDEHEART,https://www.wikijournalclub.org//wiki/IFR-SWEDEHEART,http://www.nejm.org/doi/full/10.1056/NEJMoa1616540
84,ISAR-REACT 5,https://www.wikijournalclub.org//wiki/ISAR-REACT_5,https://www.nejm.org/doi/full/10.1056/NEJMoa1908973
85,ISCHEMIA,https://www.wikijournalclub.org//wiki/ISCHEMIA,https://www.nejm.org/doi/10.1056/NEJMoa1915922
86,JUPITER,https://www.wikijournalclub.org//wiki/JUPITER,http://www.nejm.org/doi/full/10.1056/NEJMoa0807646
87,LoDoCo2,https://www.wikijournalclub.org//wiki/LoDoCo2,https://www.nejm.org/doi/10.1056/NEJMoa2021372
88,MASTER DAPT,https://www.wikijournalclub.org//wiki/MASTER_DAPT,https://www.nejm.org/doi/10.1056/NEJMoa2108749
89,MATRIX Antithrombin,https://www.wikijournalclub.org//wiki/MATRIX_Antithrombin,http://www.nejm.org/doi/full/10.1056/NEJMoa1507854
90,NORSTENT,https://www.wikijournalclub.org//wiki/NORSTENT,http://www.nejm.org/doi/full/10.1056/NEJMoa1607991
91,PRECISION,https://www.wikijournalclub.org//wiki/PRECISION,http://www.nejm.org/doi/full/10.1056/NEJMoa1611593
92,PREDIMED,https://www.wikijournalclub.org//wiki/PREDIMED,http://www.nejm.org/doi/full/10.1056/NEJMoa1200303
93,RE-DUAL,https://www.wikijournalclub.org//wiki/RE-DUAL,http://www.nejm.org/doi/full/10.1056/NEJMoa1708454
94,REDUCE-IT,https://www.wikijournalclub.org//wiki/REDUCE-IT,https://www.nejm.org/doi/full/10.1056/NEJMoa1812792
95,STICH,https://www.wikijournalclub.org//wiki/STICH,http://www.nejm.org/doi/full/10.1056/NEJMoa1100356
96,SYNTAX,https://www.wikijournalclub.org//wiki/SYNTAX,http://www.nejm.org/doi/full/10.1056/NEJMoa0804626
97,TACTICS-TIMI 18,https://www.wikijournalclub.org//wiki/TACTICS-TIMI_18,http://www.nejm.org/doi/full/10.1056/NEJM200106213442501
98,TNT,https://www.wikijournalclub.org//wiki/TNT,http://www.nejm.org/doi/full/10.1056/NEJMoa050461
99,WOSCOPS,https://www.wikijournalclub.org//wiki/WOSCOPS,http://www.nejm.org/doi/full/10.1056/NEJM199511163332001
100,CIRT,https://www.wikijournalclub.org//wiki/CIRT,https://www.nejm.org/doi/full/10.1056/NEJMoa1809798
101,MARINER,https://www.wikijournalclub.org//wiki/MARINER,https://www.nejm.org/doi/full/10.1056/NEJMoa1805090
102,ASCEND (Aspirin),https://www.wikijournalclub.org//wiki/ASCEND_(Aspirin),https://www.nejm.org/doi/10.1056/NEJMoa1804988
103,CANVAS,https://www.wikijournalclub.org//wiki/CANVAS,http://www.nejm.org/doi/full/10.1056/NEJMoa1611925
104,EMPA-REG OUTCOME,https://www.wikijournalclub.org//wiki/EMPA-REG_OUTCOME,http://www.nejm.org/doi/full/10.1056/NEJMoa1504720
105,EASE,https://www.wikijournalclub.org//wiki/EASE,http://www.nejm.org/doi/full/10.1056/NEJMoa1112843
106,A-HeFT,https://www.wikijournalclub.org//wiki/A-HeFT,http://www.nejm.org/doi/full/10.1056/NEJMoa042934
107,ADVOR,https://www.wikijournalclub.org//wiki/ADVOR,https://www.nejm.org/doi/10.1056/NEJMoa2203094
108,AF-CHF,https://www.wikijournalclub.org//wiki/AF-CHF,http://www.nejm.org/doi/full/10.1056/NEJMoa0708789
109,ATTR-ACT,https://www.wikijournalclub.org//wiki/ATTR-ACT,https://www.nejm.org/doi/10.1056/NEJMoa1805689
110,CARRESS-HF,https://www.wikijournalclub.org//wiki/CARRESS-HF,http://www.nejm.org/doi/full/10.1056/NEJMoa1210357
111,CONSENSUS,https://www.wikijournalclub.org//wiki/CONSENSUS,http://www.nejm.org/doi/full/10.1056/NEJM198706043162301
112,CORONA,https://www.wikijournalclub.org//wiki/CORONA,http://www.nejm.org/doi/full/10.1056/NEJMoa0706201
113,DAPA-HF,https://www.wikijournalclub.org//wiki/DAPA-HF,http://www.nejm.org/doi/full/10.1056/NEJMoa1911303
114,DEFINITE,https://www.wikijournalclub.org//wiki/DEFINITE,http://www.nejm.org/doi/full/10.1056/NEJMoa033088
115,DELIVER,https://www.wikijournalclub.org//wiki/DELIVER,https://www.nejm.org/doi/10.1056/NEJMoa2206286
116,DIG,https://www.wikijournalclub.org//wiki/DIG,http://www.nejm.org/doi/full/10.1056/NEJM199702203360801
117,DINAMIT,https://www.wikijournalclub.org//wiki/DINAMIT,http://www.nejm.org/doi/full/10.1056/NEJMoa041489
118,DONATE-HCV,https://www.wikijournalclub.org//wiki/DONATE-HCV,https://www.nejm.org/doi/full/10.1056/NEJMoa1812406
119,DOSE,https://www.wikijournalclub.org//wiki/DOSE,http://www.nejm.org/doi/full/10.1056/NEJMoa1005419
120,EMPHASIS-HF,https://www.wikijournalclub.org//wiki/EMPHASIS-HF,http://www.nejm.org/doi/full/10.1056/NEJMoa1009492
121,FAIR-HF,https://www.wikijournalclub.org//wiki/FAIR-HF,https://www.nejm.org/doi/10.1056/NEJMoa0908355
122,HEARTMATE II,https://www.wikijournalclub.org//wiki/HEARTMATE_II,http://www.nejm.org/doi/full/10.1056/NEJMoa0909938#t=article
123,MADIT-CRT,https://www.wikijournalclub.org//wiki/MADIT-CRT,http://www.nejm.org/doi/full/10.1056/NEJMoa0906431
124,MOMENTUM 3,https://www.wikijournalclub.org//wiki/MOMENTUM_3,https://www.nejm.org/doi/full/10.1056/NEJMoa1800866
125,NEAT-HFpEF,https://www.wikijournalclub.org//wiki/NEAT-HFpEF,http://www.nejm.org/doi/full/10.1056/NEJMoa1510774
126,PARADIGM-HF,https://www.wikijournalclub.org//wiki/PARADIGM-HF,http://www.nejm.org/doi/full/10.1056/NEJMoa1409077
127,PARAGON-HF,https://www.wikijournalclub.org//wiki/PARAGON-HF,https://www.nejm.org/doi/full/10.1056/NEJMoa1908655
128,PIONEER-HF,https://www.wikijournalclub.org//wiki/PIONEER-HF,https://www.nejm.org/doi/full/10.1056/NEJMoa1812851
129,RAFT,https://www.wikijournalclub.org//wiki/RAFT,http://www.nejm.org/doi/full/10.1056/NEJMoa1009540
130,RALES,https://www.wikijournalclub.org//wiki/RALES,http://www.nejm.org/doi/full/10.1056/NEJM199909023411001
131,REMATCH,https://www.wikijournalclub.org//wiki/REMATCH,https://www.nejm.org/doi/10.1056/NEJMoa012175
132,SCD-HeFT,https://www.wikijournalclub.org//wiki/SCD-HeFT,http://www.nejm.org/doi/full/10.1056/NEJMoa043399
133,SOLVD,https://www.wikijournalclub.org//wiki/SOLVD,http://www.nejm.org/doi/full/10.1056/NEJM199108013250501
134,TOPCAT,https://www.wikijournalclub.org//wiki/TOPCAT,http://www.nejm.org/doi/full/10.1056/NEJMoa1313731
135,V-HeFT,https://www.wikijournalclub.org//wiki/V-HeFT,http://www.nejm.org/doi/full/10.1056/NEJM198606123142404
136,V-HeFT II,https://www.wikijournalclub.org//wiki/V-HeFT_II,http://www.nejm.org/doi/full/10.1056/NEJM199108013250502
137,Val-HeFT,https://www.wikijournalclub.org//wiki/Val-HeFT,http://www.nejm.org/doi/full/10.1056/NEJMoa010713
138,ANNEXA-4,https://www.wikijournalclub.org//wiki/ANNEXA-4,https://www.nejm.org/doi/full/10.1056/NEJMoa1607887
139,ODYSSEY LONG TERM,https://www.wikijournalclub.org//wiki/ODYSSEY_LONG_TERM,http://www.nejm.org/doi/full/10.1056/NEJMoa1501031
140,ACCOMPLISH,https://www.wikijournalclub.org//wiki/ACCOMPLISH,http://www.nejm.org/doi/full/10.1056/NEJMoa0806182
141,Blood Pressure Reduction in Black Barbershops,https://www.wikijournalclub.org//wiki/Blood_Pressure_Reduction_in_Black_Barbershops,http://www.nejm.org/doi/full/10.1056/NEJMoa1717250
142,DASH,https://www.wikijournalclub.org//wiki/DASH,http://www.nejm.org/doi/full/10.1056/NEJM199704173361601
143,HYVET,https://www.wikijournalclub.org//wiki/HYVET,http://www.nejm.org/doi/full/10.1056/NEJMoa0801369
144,SPRINT,https://www.wikijournalclub.org//wiki/SPRINT,http://www.nejm.org/doi/full/10.1056/NEJMoa1511939
145,STEP,https://www.wikijournalclub.org//wiki/STEP,https://www.nejm.org/doi/10.1056/NEJMoa2111437
146,COAPT,https://www.wikijournalclub.org//wiki/COAPT,https://www.nejm.org/doi/full/10.1056/NEJMoa1806640
147,CYTO-PV,https://www.wikijournalclub.org//wiki/CYTO-PV,http://www.nejm.org/doi/full/10.1056/NEJMoa1208500
148,DETO2X-AMI,https://www.wikijournalclub.org//wiki/DETO2X-AMI,http://www.nejm.org/doi/full/10.1056/NEJMoa1706222
149,PRAMI,https://www.wikijournalclub.org//wiki/PRAMI,http://www.nejm.org/doi/full/10.1056/NEJMoa1305520
150,CLOSURE I,https://www.wikijournalclub.org//wiki/CLOSURE_I,http://www.nejm.org/doi/full/10.1056/NEJMoa1009639
151,RESPECT,https://www.wikijournalclub.org//wiki/RESPECT,http://www.nejm.org/doi/full/10.1056/NEJMoa1301440
152,ICAP,https://www.wikijournalclub.org//wiki/ICAP,http://www.nejm.org/doi/full/10.1056/NEJMoa1208536
153,VOYAGER-PAD,https://www.wikijournalclub.org//wiki/VOYAGER-PAD,https://www.nejm.org/doi/10.1056/NEJMoa2000052
154,EUCLID (Ticagrelor),https://www.wikijournalclub.org//wiki/EUCLID_(Ticagrelor),http://www.nejm.org/doi/full/10.1056/NEJMoa1611688
155,WASID,https://www.wikijournalclub.org//wiki/WASID,http://www.nejm.org/doi/pdf/10.1056/NEJMoa043033
156,VEST,https://www.wikijournalclub.org//wiki/VEST,https://www.nejm.org/doi/full/10.1056/NEJMoa1800781
157,PRAETORIAN,https://www.wikijournalclub.org//wiki/PRAETORIAN,https://www.nejm.org/doi/full/10.1056/NEJMoa1915932
158,RE-ALIGN,https://www.wikijournalclub.org//wiki/RE-ALIGN,http://www.nejm.org/doi/full/10.1056/NEJMoa1300615
159,DANISH,https://www.wikijournalclub.org//wiki/DANISH,http://www.nejm.org/doi/full/10.1056/NEJMoa1608029
160,MUSTT,https://www.wikijournalclub.org//wiki/MUSTT,http://www.nejm.org/doi/full/10.1056/NEJM199912163412503
161,VANISH,https://www.wikijournalclub.org//wiki/VANISH,http://www.nejm.org/doi/full/10.1056/NEJMoa1513614
162,AKIKI,https://www.wikijournalclub.org//wiki/AKIKI,http://www.nejm.org/doi/full/10.1056/NEJMoa1603017
163,ATN,https://www.wikijournalclub.org//wiki/ATN,http://www.nejm.org/doi/full/10.1056/NEJMoa0802639
164,IDEAL-ICU,https://www.wikijournalclub.org//wiki/IDEAL-ICU,https://www.nejm.org/doi/full/10.1056/NEJMoa1803213
165,SALT-ED,https://www.wikijournalclub.org//wiki/SALT-ED,http://www.nejm.org/doi/full/10.1056/NEJMoa1711586
166,ACURASYS,https://www.wikijournalclub.org//wiki/ACURASYS,http://www.nejm.org/doi/full/10.1056/NEJMoa1005372
167,ARDSNet,https://www.wikijournalclub.org//wiki/ARDSNet,http://www.nejm.org/doi/full/10.1056/NEJM200005043421801
168,FACTT,https://www.wikijournalclub.org//wiki/FACTT,http://www.nejm.org/doi/full/10.1056/NEJMoa062200
169,OSCILLATE,https://www.wikijournalclub.org//wiki/OSCILLATE,http://www.nejm.org/doi/full/10.1056/NEJMoa1215554
170,PROSEVA,https://www.wikijournalclub.org//wiki/PROSEVA,http://www.nejm.org/doi/full/10.1056/NEJMoa1214103
171,ROSE,https://www.wikijournalclub.org//wiki/ROSE,http://www.nejm.org/doi/full/10.1056/NEJMoa1901686
172,TRICC,https://www.wikijournalclub.org//wiki/TRICC,http://www.nejm.org/doi/full/10.1056/NEJM199902113400601
173,TRISS,https://www.wikijournalclub.org//wiki/TRISS,http://www.nejm.org/doi/full/10.1056/NEJMoa1406617
174,3SITES,https://www.wikijournalclub.org//wiki/3SITES,http://www.nejm.org/doi/full/10.1056/NEJMoa1500964
175,MIND-USA,https://www.wikijournalclub.org//wiki/MIND-USA,https://www.nejm.org/doi/full/10.1056/NEJMoa1808217
176,SAFE,https://www.wikijournalclub.org//wiki/SAFE,http://www.nejm.org/doi/full/10.1056/NEJMoa040232
177,SMART-MED and SMART-SURG,https://www.wikijournalclub.org//wiki/SMART-MED_and_SMART-SURG,http://www.nejm.org/doi/full/10.1056/NEJMoa1711584
178,Yang-Tobin Study,https://www.wikijournalclub.org//wiki/Yang-Tobin_Study,http://www.nejm.org/doi/full/10.1056/NEJM199105233242101
179,AID-ICU,https://www.wikijournalclub.org//wiki/AID-ICU,https://www.nejm.org/doi/full/10.1056/NEJMoa2211868
180,SPICE III,https://www.wikijournalclub.org//wiki/SPICE_III,https://www.nejm.org/doi/full/10.1056/NEJMoa1904710
181,HEAT,https://www.wikijournalclub.org//wiki/HEAT,http://www.nejm.org/doi/full/10.1056/NEJMoa1508375
182,GI bleeding in ICU patients,https://www.wikijournalclub.org//wiki/GI_bleeding_in_ICU_patients,http://www.nejm.org/doi/full/10.1056/NEJM199402103300601
183,CAPE COD,https://www.wikijournalclub.org//wiki/CAPE_COD,https://www.nejm.org/doi/full/10.1056/NEJMoa2215145
184,PEITHO,https://www.wikijournalclub.org//wiki/PEITHO,http://www.nejm.org/doi/full/10.1056/NEJMoa1302097
185,Daily ICU Sedation Holidays,https://www.wikijournalclub.org//wiki/Daily_ICU_Sedation_Holidays,http://www.nejm.org/doi/full/10.1056/NEJM200005183422002
186,ADRENAL,https://www.wikijournalclub.org//wiki/ADRENAL,http://www.nejm.org/doi/full/10.1056/NEJMoa1705835
187,ALBIOS,https://www.wikijournalclub.org//wiki/ALBIOS,http://www.nejm.org/doi/full/10.1056/NEJMoa1305727
188,APROCCHSS,https://www.wikijournalclub.org//wiki/APROCCHSS,http://www.nejm.org/doi/full/10.1056/NEJMoa1705716
189,ARISE,https://www.wikijournalclub.org//wiki/ARISE,http://www.nejm.org/doi/full/10.1056/NEJMoa1404380
190,CORTICUS,https://www.wikijournalclub.org//wiki/CORTICUS,http://www.nejm.org/doi/full/10.1056/NEJMoa071366
191,HYPRESS,https://www.wikijournalclub.org//wiki/HYPRESS,http://www.nejm.org/doi/full/10.1056/NEJMsa1410639
192,ProCESS,https://www.wikijournalclub.org//wiki/ProCESS,http://www.nejm.org/doi/full/10.1056/NEJMoa1401602
193,ProMISe,https://www.wikijournalclub.org//wiki/ProMISe,http://www.nejm.org/doi/full/10.1056/NEJMoa1500896
194,PROWESS,https://www.wikijournalclub.org//wiki/PROWESS,http://www.nejm.org/doi/full/10.1056/NEJM200103083441001
195,PROWESS-SHOCK,https://www.wikijournalclub.org//wiki/PROWESS-SHOCK,http://www.nejm.org/doi/full/10.1056/NEJMoa1202290
196,Rivers Trial,https://www.wikijournalclub.org//wiki/Rivers_Trial,http://www.nejm.org/doi/full/10.1056/NEJMoa010307
197,SEPSISPAM,https://www.wikijournalclub.org//wiki/SEPSISPAM,http://www.nejm.org/doi/full/10.1056/NEJMoa1312173
198,SOAP II,https://www.wikijournalclub.org//wiki/SOAP_II,http://www.nejm.org/doi/full/10.1056/NEJMoa0907118
199,VASST,https://www.wikijournalclub.org//wiki/VASST,http://www.nejm.org/doi/full/10.1056/NEJMoa067373
200,ATHOS-3,https://www.wikijournalclub.org//wiki/ATHOS-3,http://www.nejm.org/doi/full/10.1056/NEJMoa1704154
201,FEAST,https://www.wikijournalclub.org//wiki/FEAST,http://www.nejm.org/doi/full/10.1056/NEJMoa1101549
202,VA-NEPHRON D,https://www.wikijournalclub.org//wiki/VA-NEPHRON_D,http://www.nejm.org/doi/full/10.1056/NEJMoa1303154
203,VADT,https://www.wikijournalclub.org//wiki/VADT,http://www.nejm.org/doi/full/10.1056/NEJMoa0808431
204,STEP 1,https://www.wikijournalclub.org//wiki/STEP_1,https://www.nejm.org/doi/full/10.1056/NEJMoa2032183
205,HORIZON-PFT,https://www.wikijournalclub.org//wiki/HORIZON-PFT,https://www.nejm.org/doi/full/10.1056/NEJMoa067312
206,Prednisolone in Severe Alcoholic Hepatitis,https://www.wikijournalclub.org//wiki/Prednisolone_in_Severe_Alcoholic_Hepatitis,http://www.nejm.org/doi/full/10.1056/NEJM199202203260802
207,STOPAH,https://www.wikijournalclub.org//wiki/STOPAH,http://www.nejm.org/doi/full/10.1056/NEJMoa1412278
208,Albumin for SBP,https://www.wikijournalclub.org//wiki/Albumin_for_SBP,http://www.nejm.org/doi/full/10.1056/NEJM199908053410603
209,Early TIPS,https://www.wikijournalclub.org//wiki/Early_TIPS,http://www.nejm.org/doi/full/10.1056/NEJMoa0910102
210,Duodenal Infusion of Donor Feces for Recurrent Clostridium difficile,https://www.wikijournalclub.org//wiki/Duodenal_Infusion_of_Donor_Feces_for_Recurrent_Clostridium_difficile,http://www.nejm.org/doi/full/10.1056/NEJMoa1205037
211,Fidaxomicin in C. difficile Diarrhea,https://www.wikijournalclub.org//wiki/Fidaxomicin_in_C._difficile_Diarrhea,http://www.nejm.org/doi/full/10.1056/NEJMoa0910812
212,MODIFY I and II,https://www.wikijournalclub.org//wiki/MODIFY_I_and_II,http://www.nejm.org/doi/full/10.1056/NEJMoa1602615
213,COLONPREV,https://www.wikijournalclub.org//wiki/COLONPREV,http://www.nejm.org/doi/full/10.1056/NEJMoa1108895
214,SONIC,https://www.wikijournalclub.org//wiki/SONIC,http://www.nejm.org/doi/full/10.1056/NEJMoa0904492
215,Omeprazole in Peptic Ulcer Bleeding,https://www.wikijournalclub.org//wiki/Omeprazole_in_Peptic_Ulcer_Bleeding,http://www.nejm.org/doi/full/10.1056/NEJM200008033430501
216,Transfusion Strategies for Acute Upper Gastrointestinal Bleeding,https://www.wikijournalclub.org//wiki/Transfusion_Strategies_for_Acute_Upper_Gastrointestinal_Bleeding,http://www.nejm.org/doi/full/10.1056/NEJMoa1211801
217,VALENCE,https://www.wikijournalclub.org//wiki/VALENCE,http://www.nejm.org/doi/full/10.1056/NEJMoa1316145
218,PANTER,https://www.wikijournalclub.org//wiki/PANTER,http://www.nejm.org/doi/full/10.1056/NEJMoa0908821
219,CHOICE,https://www.wikijournalclub.org//wiki/CHOICE,http://www.nejm.org/doi/full/10.1056/NEJMoa1400506
220,CHOIR,https://www.wikijournalclub.org//wiki/CHOIR,http://www.nejm.org/doi/full/10.1056/NEJMoa065485
221,FOCUS,https://www.wikijournalclub.org//wiki/FOCUS,http://www.nejm.org/doi/full/10.1056/NEJMoa1012452
222,TRICS III,https://www.wikijournalclub.org//wiki/TRICS_III,http://www.nejm.org/doi/full/10.1056/NEJMoa1711818
223,Ibrutinib-Rituximab or Chemoimmunotherapy for Chronic Lymphocytic Leukemia,https://www.wikijournalclub.org//wiki/Ibrutinib-Rituximab_or_Chemoimmunotherapy_for_Chronic_Lymphocytic_Leukemia,https://www.nejm.org/doi/full/10.1056/NEJMoa1817073
224,IRIS,https://www.wikijournalclub.org//wiki/IRIS,http://www.nejm.org/doi/full/10.1056/NEJMoa022457
225,AMPLIFY,https://www.wikijournalclub.org//wiki/AMPLIFY,http://www.nejm.org/doi/full/10.1056/NEJMoa1302507
226,AMPLIFY-EXT,https://www.wikijournalclub.org//wiki/AMPLIFY-EXT,http://www.nejm.org/doi/full/10.1056/NEJMoa1207541
227,APEX,https://www.wikijournalclub.org//wiki/APEX,https://www.nejm.org/doi/full/10.1056/NEJMoa1601747
228,ATTRACT,https://www.wikijournalclub.org//wiki/ATTRACT,https://www.nejm.org/doi/10.1056/NEJMoa1615066
229,AVERT,https://www.wikijournalclub.org//wiki/AVERT,https://www.nejm.org/doi/10.1056/NEJMoa1814468
230,CARAVAGGIO,https://www.wikijournalclub.org//wiki/CARAVAGGIO,https://www.nejm.org/doi/10.1056/NEJMoa1915103
231,CASSINI,https://www.wikijournalclub.org//wiki/CASSINI,https://www.nejm.org/doi/full/10.1056/NEJMoa1814630
232,CLOT,https://www.wikijournalclub.org//wiki/CLOT,http://www.nejm.org/doi/full/10.1056/NEJMoa025313
233,EINSTEIN CHOICE,https://www.wikijournalclub.org//wiki/EINSTEIN_CHOICE,http://www.nejm.org/doi/full/10.1056/NEJMoa1700518
234,EPCAT II,https://www.wikijournalclub.org//wiki/EPCAT_II,http://www.nejm.org/doi/full/10.1056/NEJMoa1712746
235,Hokusai-VTE,https://www.wikijournalclub.org//wiki/Hokusai-VTE,http://www.nejm.org/doi/full/10.1056/NEJMoa1711948
236,MAGELLAN,https://www.wikijournalclub.org//wiki/MAGELLAN,http://www.nejm.org/doi/full/10.1056/NEJMoa1111096
237,PREPIC,https://www.wikijournalclub.org//wiki/PREPIC,http://www.nejm.org/doi/full/10.1056/NEJM199802123380701
238,PROLONG,https://www.wikijournalclub.org//wiki/PROLONG,http://www.nejm.org/doi/full/10.1056/NEJMoa054444
239,RE-COVER,https://www.wikijournalclub.org//wiki/RE-COVER,http://www.nejm.org/doi/full/10.1056/NEJMoa0906598
240,SOME,https://www.wikijournalclub.org//wiki/SOME,http://www.nejm.org/doi/full/10.1056/NEJMoa1506623
241,WARFASA,https://www.wikijournalclub.org//wiki/WARFASA,http://www.nejm.org/doi/full/10.1056/NEJMoa1114238
242,ANNEXA,https://www.wikijournalclub.org//wiki/ANNEXA,http://www.nejm.org/doi/full/10.1056/NEJMoa1510991
243,RE-VERSE AD,https://www.wikijournalclub.org//wiki/RE-VERSE_AD,http://www.nejm.org/doi/full/10.1056/NEJMoa1502000
244,Lo-Coco 2013,https://www.wikijournalclub.org//wiki/Lo-Coco_2013,http://www.nejm.org/doi/full/10.1056/NEJMoa1300874
245,Ibrutinib in Waldenstrom macroglobulinemia,https://www.wikijournalclub.org//wiki/Ibrutinib_in_Waldenstrom_macroglobulinemia,http://www.nejm.org/doi/full/10.1056/NEJMoa1501548
246,CRB-401,https://www.wikijournalclub.org//wiki/CRB-401,https://www.nejm.org/doi/10.1056/NEJMoa1817226
247,LenDex in High-Risk Smoldering Myeloma,https://www.wikijournalclub.org//wiki/LenDex_in_High-Risk_Smoldering_Myeloma,https://www.nejm.org/doi/10.1056/NEJMoa1300439
248,TRIUMPH,https://www.wikijournalclub.org//wiki/TRIUMPH,http://www.nejm.org/doi/full/10.1056/NEJMoa061648
249,EINSTEIN-PE,https://www.wikijournalclub.org//wiki/EINSTEIN-PE,http://www.nejm.org/doi/full/10.1056/NEJMoa1113572
250,PESIT,https://www.wikijournalclub.org//wiki/PESIT,http://www.nejm.org/doi/full/10.1056/NEJMoa1602172
251,PIOPED II,https://www.wikijournalclub.org//wiki/PIOPED_II,http://www.nejm.org/doi/full/10.1056/NEJMoa052367#t=article
252,HOPE (Sickle Cell Disease),https://www.wikijournalclub.org//wiki/HOPE_(Sickle_Cell_Disease),https://www.nejm.org/doi/full/10.1056/nejmoa1903212
253,MSH,https://www.wikijournalclub.org//wiki/MSH,http://www.nejm.org/doi/full/10.1056/NEJM199505183322001
254,SUSTAIN,https://www.wikijournalclub.org//wiki/SUSTAIN,https://www.nejm.org/doi/full/10.1056/NEJMoa1611770
255,TOPPS,https://www.wikijournalclub.org//wiki/TOPPS,http://www.nejm.org/doi/full/10.1056/NEJMoa1212772
256,ASPIRE,https://www.wikijournalclub.org//wiki/ASPIRE,http://www.nejm.org/doi/full/10.1056/NEJMoa1210384
257,ACTT-1,https://www.wikijournalclub.org//wiki/ACTT-1,https://www.nejm.org/doi/full/10.1056/NEJMoa2007764
258,RECOVERY (Covid-19),https://www.wikijournalclub.org//wiki/RECOVERY_(Covid-19),https://www.nejm.org/doi/10.1056/NEJMoa2021436
259,POET,https://www.wikijournalclub.org//wiki/POET,https://www.nejm.org/doi/10.1056/NEJMoa1808312
260,ANRS IPERGAY,https://www.wikijournalclub.org//wiki/ANRS_IPERGAY,http://www.nejm.org/doi/full/10.1056/NEJMoa1506273
261,AZT Trial,https://www.wikijournalclub.org//wiki/AZT_Trial,http://www.nejm.org/doi/full/10.1056/NEJM198707233170401
262,HPTN 052,https://www.wikijournalclub.org//wiki/HPTN_052,http://www.nejm.org/doi/full/10.1056/NEJMoa1105243
263,INSIGHT START,https://www.wikijournalclub.org//wiki/INSIGHT_START,http://www.nejm.org/doi/full/10.1056/NEJMoa1506816
264,IPrEx,https://www.wikijournalclub.org//wiki/IPrEx,http://www.nejm.org/doi/full/10.1056/NEJMoa1011205
265,NA-ACCORD,https://www.wikijournalclub.org//wiki/NA-ACCORD,http://www.nejm.org/doi/full/10.1056/NEJMoa0807252
266,STOP-IT,https://www.wikijournalclub.org//wiki/STOP-IT,http://www.nejm.org/doi/full/10.1056/NEJMoa1411162
267,European Dexamethasone Study,https://www.wikijournalclub.org//wiki/European_Dexamethasone_Study,http://www.nejm.org/doi/full/10.1056/NEJMoa021334
268,OVIVA,https://www.wikijournalclub.org//wiki/OVIVA,https://www.nejm.org/doi/full/10.1056/NEJMoa1710926
269,MIST2,https://www.wikijournalclub.org//wiki/MIST2,https://www.nejm.org/doi/full/10.1056/NEJMoa1012740
270,CAP-START,https://www.wikijournalclub.org//wiki/CAP-START,http://www.nejm.org/doi/full/10.1056/NEJMoa1406330
271,PREVENT TB,https://www.wikijournalclub.org//wiki/PREVENT_TB,http://www.nejm.org/doi/full/10.1056/NEJMoa1104875
272,SAMMPRIS,https://www.wikijournalclub.org//wiki/SAMMPRIS,http://www.nejm.org/doi/pdf/10.1056/nejmoa1105335
273,RITUXVAS,https://www.wikijournalclub.org//wiki/RITUXVAS,https://www.nejm.org/doi/full/10.1056/nejmoa0909169
274,EVOLVE,https://www.wikijournalclub.org//wiki/EVOLVE,http://www.nejm.org/doi/full/10.1056/NEJMoa1205624
275,Benazepril in Severe CKD,https://www.wikijournalclub.org//wiki/Benazepril_in_Severe_CKD,http://www.nejm.org/doi/full/10.1056/NEJMoa053107
276,HEMO,https://www.wikijournalclub.org//wiki/HEMO,http://www.nejm.org/doi/full/10.1056/NEJMoa021583
277,IDEAL,https://www.wikijournalclub.org//wiki/IDEAL,http://www.nejm.org/doi/full/10.1056/NEJMoa1000552
278,NCDS,https://www.wikijournalclub.org//wiki/NCDS,http://www.nejm.org/doi/full/10.1056/NEJM198111123052003
279,ASTRAL,https://www.wikijournalclub.org//wiki/ASTRAL,http://www.nejm.org/doi/full/10.1056/NEJMoa0905368
280,ELITE-Symphony,https://www.wikijournalclub.org//wiki/ELITE-Symphony,http://www.nejm.org/doi/full/10.1056/NEJMoa067411
281,NASCET,https://www.wikijournalclub.org//wiki/NASCET,http://www.nejm.org/doi/full/10.1056/NEJM199811123392002
282,RAMPART,https://www.wikijournalclub.org//wiki/RAMPART,http://www.nejm.org/doi/full/10.1056/NEJMoa1107494
283,Veterans Affairs Status Epilepticus Cooperative Study Group,https://www.wikijournalclub.org//wiki/Veterans_Affairs_Status_Epilepticus_Cooperative_Study_Group,http://www.nejm.org/doi/full/10.1056/NEJM199809173391202
284,SPARCL,https://www.wikijournalclub.org//wiki/SPARCL,http://www.nejm.org/doi/full/10.1056/NEJMoa061894
285,RESCUEicp,https://www.wikijournalclub.org//wiki/RESCUEicp,https://www.nejm.org/doi/10.1056/NEJMoa1605215
286,CHANCE,https://www.wikijournalclub.org//wiki/CHANCE,http://www.nejm.org/doi/full/10.1056/NEJMoa1215340
287,DAWN,https://www.wikijournalclub.org//wiki/DAWN,https://www.nejm.org/doi/full/10.1056/NEJMoa1706442
288,ECASS III,https://www.wikijournalclub.org//wiki/ECASS_III,http://www.nejm.org/doi/full/10.1056/NEJMoa0804656
289,MR CLEAN,https://www.wikijournalclub.org//wiki/MR_CLEAN,http://www.nejm.org/doi/full/10.1056/NEJMoa1411587
290,MR RESCUE,https://www.wikijournalclub.org//wiki/MR_RESCUE,http://www.nejm.org/doi/full/10.1056/NEJMoa1212793
291,NAVIGATE ESUS,https://www.wikijournalclub.org//wiki/NAVIGATE_ESUS,https://www.nejm.org/doi/full/10.1056/NEJMoa1802686
292,POINT,https://www.wikijournalclub.org//wiki/POINT,https://www.nejm.org/doi/full/10.1056/NEJMoa1800410
293,PRoFESS,https://www.wikijournalclub.org//wiki/PRoFESS,http://www.nejm.org/doi/full/10.1056/NEJMoa0805002
294,SOCRATES,https://www.wikijournalclub.org//wiki/SOCRATES,http://www.nejm.org/doi/full/10.1056/NEJMoa1603060
295,SPS3 Clopidogrel-ASA,https://www.wikijournalclub.org//wiki/SPS3_Clopidogrel-ASA,http://www.nejm.org/doi/full/10.1056/NEJMoa1204133
296,WARSS,https://www.wikijournalclub.org//wiki/WARSS,http://www.nejm.org/doi/full/10.1056/NEJMoa011258
297,Hungarian Prenatal Vitamin Trial,https://www.wikijournalclub.org//wiki/Hungarian_Prenatal_Vitamin_Trial,http://www.nejm.org/doi/full/10.1056/NEJM199212243272602
298,EMILIA,https://www.wikijournalclub.org//wiki/EMILIA,http://www.nejm.org/doi/abs/10.1056/NEJMoa1209124
299,HERA,https://www.wikijournalclub.org//wiki/HERA,http://www.nejm.org/doi/full/10.1056/NEJMoa052306
300,CheckMate-003,https://www.wikijournalclub.org//wiki/CheckMate-003,http://www.nejm.org/doi/full/10.1056/NEJMoa1200690
301,Early Palliative Care,https://www.wikijournalclub.org//wiki/Early_Palliative_Care,http://www.nejm.org/doi/full/10.1056/NEJMoa1000678
302,IALT,https://www.wikijournalclub.org//wiki/IALT,http://www.nejm.org/doi/full/10.1056/NEJMoa031644
303,KEYNOTE-024,https://www.wikijournalclub.org//wiki/KEYNOTE-024,http://www.nejm.org/doi/full/10.1056/NEJMoa1606774
304,NLST,https://www.wikijournalclub.org//wiki/NLST,http://www.nejm.org/doi/full/10.1056/NEJMoa1102873
305,Twice-daily RT for SCLC,https://www.wikijournalclub.org//wiki/Twice-daily_RT_for_SCLC,http://www.nejm.org/doi/full/10.1056/NEJM199901283400403
306,BRIM-3,https://www.wikijournalclub.org//wiki/BRIM-3,http://www.nejm.org/doi/full/10.1056/NEJMoa1103782
307,MPACT,https://www.wikijournalclub.org//wiki/MPACT,http://www.nejm.org/doi/full/10.1056/NEJMoa1304369
308,PRODIGE 4 ACCORD 11,https://www.wikijournalclub.org//wiki/PRODIGE_4_ACCORD_11,http://www.nejm.org/doi/full/10.1056/NEJMoa1011923
309,ERSPC,https://www.wikijournalclub.org//wiki/ERSPC,http://www.nejm.org/doi/full/10.1056/NEJMoa0810084
310,PCPT,https://www.wikijournalclub.org//wiki/PCPT,http://www.nejm.org/doi/full/10.1056/NEJMoa030660
311,SWOG 8949,https://www.wikijournalclub.org//wiki/SWOG_8949,http://www.nejm.org/doi/full/10.1056/NEJMoa003013
312,CATT,https://www.wikijournalclub.org//wiki/CATT,http://www.nejm.org/doi/full/10.1056/NEJMoa1102673
313,LESS,https://www.wikijournalclub.org//wiki/LESS,http://www.nejm.org/doi/full/10.1056/NEJMoa1313265
314,METEOR,https://www.wikijournalclub.org//wiki/METEOR,http://www.nejm.org/doi/full/10.1056/NEJMoa1301408
315,Moseley Trial,https://www.wikijournalclub.org//wiki/Moseley_Trial,http://www.nejm.org/doi/full/10.1056/NEJMoa013259
316,NordICC,https://www.wikijournalclub.org//wiki/NordICC,https://www.nejm.org/doi/full/10.1056/NEJMoa2208375
317,Cytisine for Smoking Cessation,https://www.wikijournalclub.org//wiki/Cytisine_for_Smoking_Cessation,http://www.nejm.org/doi/full/10.1056/NEJMoa1407764
318,CATIE-AD,https://www.wikijournalclub.org//wiki/CATIE-AD,http://www.nejm.org/doi/full/10.1056/NEJMoa061240
319,ANTLER,https://www.wikijournalclub.org//wiki/ANTLER,https://www.nejm.org/doi/full/10.1056/NEJMoa2106356
320,CATIE,https://www.wikijournalclub.org//wiki/CATIE,http://www.nejm.org/doi/full/10.1056/NEJMoa051688
321,Novel START,https://www.wikijournalclub.org//wiki/Novel_START,https://www.nejm.org/doi/10.1056/NEJMoa1901963
322,TALC,https://www.wikijournalclub.org//wiki/TALC,http://www.nejm.org/doi/full/10.1056/NEJMoa1008770
323,FLAME (COPD),https://www.wikijournalclub.org//wiki/FLAME_(COPD),http://www.nejm.org/doi/full/10.1056/NEJMoa1516385
324,NETT,https://www.wikijournalclub.org//wiki/NETT,http://www.nejm.org/doi/full/10.1056/NEJMoa030287
325,TORCH,https://www.wikijournalclub.org//wiki/TORCH,http://www.nejm.org/doi/full/10.1056/NEJMoa063070
326,UPLIFT,https://www.wikijournalclub.org//wiki/UPLIFT,http://www.nejm.org/doi/full/10.1056/NEJMoa0805800
327,WISDOM,https://www.wikijournalclub.org//wiki/WISDOM,http://www.nejm.org/doi/full/10.1056/NEJMoa1407154
328,INPULSIS Trials,https://www.wikijournalclub.org//wiki/INPULSIS_Trials,http://www.nejm.org/doi/full/10.1056/NEJMoa1402584
329,ASCEND (IPF),https://www.wikijournalclub.org//wiki/ASCEND_(IPF),http://www.nejm.org/doi/full/10.1056/NEJMoa1402582
330,RAVE,https://www.wikijournalclub.org//wiki/RAVE,http://www.nejm.org/doi/full/10.1056/NEJMoa0909905
